congress,chamber,rollnumber,date,session,clerk_rollnumber,yea_count,nay_count,nominate_mid_1,nominate_mid_2,nominate_spread_1,nominate_spread_2,nominate_log_likelihood,bill_number,vote_result,vote_desc,vote_question,dtl_desc
114,Senate,1,2015-01-08,1,1,31,66,-0.236,-0.142,0.392,0.266,-13.518,HR26,Amendment Rejected,,,
114,Senate,2,2015-01-08,1,2,93,4,-0.334,-0.915,-0.117,-0.604,-12.737,HR26,Bill Passed,,,
114,Senate,3,2015-01-12,1,3,63,32,-0.194,-0.171,-0.336,-0.459,-12.206,S1,Cloture on the Motion to Proceed Agreed to,,,
114,Senate,4,2015-01-20,1,4,57,42,-0.077,-0.122,-0.401,-0.198,-5.333,S1,Motion to Table Agreed to,,,
114,Senate,5,2015-01-20,1,5,53,46,0.123,-0.088,-0.263,0.195,-6.864,S1,Motion to Table Agreed to,,,
114,Senate,6,2015-01-20,1,6,94,5,0.766,-0.138,0.398,0.155,-6.501,S1,Amendment Agreed to,,,
114,Senate,7,2015-01-21,1,7,54,45,0.036,-0.092,-0.459,0.166,-0.388,S1,Amendment Rejected,,,
114,Senate,8,2015-01-21,1,8,41,58,-0.047,-0.116,0.31,0.715,-7.374,S1,Amendment Rejected,,,
114,Senate,9,2015-01-21,1,9,54,45,0.071,-0.116,-0.248,-0.616,-11.492,S1,Amendment Rejected,,,
114,Senate,10,2015-01-21,1,10,98,1,0.0,0.0,0.0,0.0,0.0,S1,Amendment Agreed to,,,
114,Senate,11,2015-01-21,1,11,59,40,0.291,-0.028,0.171,0.806,-25.075,S1,Amendment Rejected,,,
114,Senate,12,2015-01-21,1,12,50,49,0.218,-0.074,0.338,0.416,-8.846,S1,Amendment Rejected,,,
114,Senate,13,2015-01-22,1,13,55,44,0.199,0.052,0.174,0.47,-23.639,S1,Amendment Rejected,,,
114,Senate,14,2015-01-22,1,14,54,45,0.055,-0.101,-0.178,-0.335,-19.577,S1,Amendment Rejected,,,
114,Senate,15,2015-01-22,1,15,53,46,0.119,-0.089,-0.385,-0.163,-3.807,S1,Motion to Table Agreed to,,,
114,Senate,16,2015-01-22,1,16,56,42,-0.082,-0.112,-0.365,-0.028,-7.127,S1,Motion to Table Agreed to,,,
114,Senate,17,2015-01-22,1,17,51,47,0.101,-0.065,-0.21,-0.422,-13.024,S1,Amendment Rejected,,,
114,Senate,18,2015-01-22,1,18,75,23,0.513,-0.01,0.242,0.24,-31.437,S1,Amendment Agreed to,,,
114,Senate,19,2015-01-22,1,19,50,47,0.209,-0.064,0.294,0.386,-10.225,S1,Amendment Rejected,,,
114,Senate,20,2015-01-22,1,20,51,46,0.097,-0.097,-0.328,-0.531,-4.763,S1,Amendment Rejected,,,
114,Senate,21,2015-01-22,1,21,64,33,-0.21,-0.177,-0.345,-0.49,-14.204,S1,Amendment Agreed to,,,
114,Senate,22,2015-01-22,1,22,43,54,-0.045,0.013,0.219,0.502,-13.446,S1,Amendment Rejected,,,
114,Senate,23,2015-01-22,1,23,89,5,0.457,-0.89,0.103,-0.384,-22.854,S1,Motion for Attendance Agreed to,,,
114,Senate,24,2015-01-22,1,24,53,42,-0.066,-0.113,-0.356,0.047,-6.615,S1,Motion to Table Agreed to,,,
114,Senate,25,2015-01-22,1,25,57,38,-0.116,-0.081,-0.303,0.248,-11.979,S1,Motion to Table Agreed to,,,
114,Senate,26,2015-01-22,1,26,52,43,0.037,-0.091,-0.456,0.166,-0.39,S1,Motion to Table Agreed to,,,
114,Senate,27,2015-01-22,1,27,53,41,-0.046,-0.113,-0.433,-0.267,-2.817,S1,Motion to Table Agreed to,,,
114,Senate,28,2015-01-22,1,28,49,45,0.173,-0.076,-0.391,-0.345,-3.39,S1,Motion to Table Agreed to,,,
114,Senate,29,2015-01-26,1,29,53,39,-0.024,-0.066,-0.206,-0.276,-11.689,S1,Cloture Motion Rejected,,,
114,Senate,30,2015-01-26,1,30,53,39,-0.024,-0.066,-0.206,-0.276,-11.689,S1,Cloture Motion Rejected,,,
114,Senate,31,2015-01-28,1,31,36,62,-0.187,-0.136,0.43,0.282,-9.185,S1,Amendment Rejected,,,
114,Senate,32,2015-01-28,1,32,40,58,-0.071,-0.096,0.249,0.424,-12.901,S1,Amendment Rejected,,,
114,Senate,33,2015-01-28,1,33,40,58,-0.111,-0.134,0.435,0.373,-5.089,S1,Amendment Rejected,,,
114,Senate,34,2015-01-28,1,34,53,45,0.045,-0.102,-0.374,-0.35,-3.591,S1,Amendment Rejected,,,
114,Senate,35,2015-01-28,1,35,54,44,-0.031,-0.101,-0.452,-0.078,-1.82,S1,Amendment Rejected,,,
114,Senate,36,2015-01-28,1,36,44,52,-0.023,-0.107,0.409,0.103,-3.076,S1,Amendment Rejected,,,
114,Senate,37,2015-01-28,1,37,50,47,0.108,-0.099,-0.209,-0.208,-14.136,S1,Amendment Rejected,,,
114,Senate,38,2015-01-28,1,38,47,51,0.162,-0.083,0.395,0.288,-3.925,S1,Amendment Rejected,,,
114,Senate,39,2015-01-28,1,39,50,48,0.139,-0.089,-0.231,-0.374,-12.116,S1,Amendment Rejected,,,
114,Senate,40,2015-01-28,1,40,47,51,0.136,-0.104,0.289,0.465,-7.317,S1,Amendment Rejected,,,
114,Senate,41,2015-01-28,1,41,35,63,-0.172,-0.171,0.305,0.474,-13.471,S1,Amendment Rejected,,,
114,Senate,42,2015-01-29,1,42,47,51,0.04,0.084,-0.161,-0.645,-24.51,S1,Amendment Rejected,,,
114,Senate,43,2015-01-29,1,43,59,39,0.338,-0.037,0.238,0.385,-21.704,S1,Amendment Rejected,,,
114,Senate,44,2015-01-29,1,44,45,53,0.06,-0.098,0.293,1.03,-6.787,S1,Amendment Rejected,,,
114,Senate,45,2015-01-29,1,45,62,35,-0.173,-0.157,-0.404,-0.46,-9.1,S1,Cloture Motion Agreed to,,,
114,Senate,46,2015-01-29,1,46,41,56,-0.108,-0.102,0.36,-0.051,-8.899,S1,Amendment Rejected,,,
114,Senate,47,2015-01-29,1,47,36,62,-0.182,-0.141,0.406,0.335,-10.017,S1,Amendment Rejected,,,
114,Senate,48,2015-01-29,1,48,44,54,-0.044,-0.095,0.402,-0.12,-3.413,S1,Amendment Rejected,,,
114,Senate,49,2015-01-29,1,49,62,36,-0.174,-0.155,-0.405,-0.46,-9.102,S1,Bill Passed,,,
114,Senate,50,2015-02-03,1,50,99,0,0.0,0.0,0.0,0.0,0.0,HR203,Bill Passed,,,
114,Senate,51,2015-02-03,1,51,51,48,0.146,-0.074,-0.23,0.015,-10.599,HR240,Cloture on the Motion to Proceed Rejected,,,
114,Senate,52,2015-02-04,1,52,53,47,0.12,-0.078,-0.26,-0.046,-7.188,HR240,Cloture on the Motion to Proceed Rejected,,,
114,Senate,53,2015-02-05,1,53,52,47,0.139,-0.078,-0.231,0.059,-10.814,HR240,Cloture on the Motion to Proceed Rejected,,,
114,Senate,54,2015-02-09,1,54,92,0,0.0,0.0,0.0,0.0,0.0,PN60,Nomination Confirmed,,,
114,Senate,55,2015-02-11,1,55,98,0,0.0,0.0,0.0,0.0,0.0,S295,Bill Passed,,,
114,Senate,56,2015-02-12,1,56,93,5,0.535,0.764,0.121,0.456,-18.214,PN1,Nomination Confirmed,,,
114,Senate,57,2015-02-23,1,57,47,46,0.149,-0.069,-0.226,0.017,-10.509,HR240,Cloture on the Motion to Proceed Rejected,,,
114,Senate,58,2015-02-25,1,58,98,2,0.0,0.0,0.0,0.0,0.0,HR240,Cloture on the Motion to Proceed Agreed to,,,
114,Senate,59,2015-02-27,1,59,68,31,0.407,0.075,0.265,0.69,-27.015,HR240,Cloture Motion Agreed to,,,
114,Senate,60,2015-02-27,1,60,34,65,0.375,0.062,-0.247,-0.68,-27.071,HR240,Motion to Table Failed,,,
114,Senate,61,2015-02-27,1,61,66,33,0.394,0.057,0.252,0.631,-27.496,HR240,Amendment Agreed to,,,
114,Senate,62,2015-02-27,1,62,68,31,0.407,0.075,0.265,0.69,-27.015,HR240,Bill Passed,,,
114,Senate,63,2015-02-27,1,63,57,42,-0.014,-0.06,-0.223,-0.278,-11.56,S534,Cloture on the Motion to Proceed Rejected,,,
114,Senate,64,2015-03-02,1,64,47,43,0.034,-0.1,-0.456,0.16,-0.374,HR240,Cloture Motion Rejected,,,
114,Senate,65,2015-03-02,1,65,58,31,0.363,0.027,0.296,0.752,-19.22,HR240,Motion to Table Agreed to,,,
114,Senate,66,2015-03-03,1,66,53,45,0.033,-0.09,-0.459,0.167,-0.371,SJRES8,Motion to Proceed Agreed to,,,
114,Senate,67,2015-03-04,1,67,53,46,0.132,-0.097,-0.417,0.06,-2.833,SJRES8,Joint Resolution Passed,,,
114,Senate,68,2015-03-04,1,68,62,37,-0.172,-0.146,-0.404,-0.383,-9.571,S1,Veto Sustained,,,
114,Senate,69,2015-03-09,1,69,92,0,0.0,0.0,0.0,0.0,0.0,PN62,Nomination Confirmed,,,
114,Senate,70,2015-03-12,1,70,97,0,0.0,0.0,0.0,0.0,0.0,PN173,Nomination Confirmed,,,
114,Senate,71,2015-03-16,1,71,94,0,0.0,0.0,0.0,0.0,0.0,PN68,Nomination Confirmed,,,
114,Senate,72,2015-03-17,1,72,55,43,-0.007,-0.065,-0.219,-0.338,-12.713,S178,Cloture Motion Rejected,,,
114,Senate,73,2015-03-17,1,73,55,43,-0.007,-0.065,-0.219,-0.338,-12.713,S178,Cloture Motion Rejected,,,
114,Senate,74,2015-03-18,1,74,57,41,-0.069,-0.132,-0.387,-0.496,-5.877,S178,Cloture Motion Rejected,,,
114,Senate,75,2015-03-19,1,75,56,42,-0.007,-0.066,-0.219,-0.338,-12.692,S178,Cloture Motion Rejected,,,
114,Senate,76,2015-03-19,1,76,56,42,-0.007,-0.066,-0.219,-0.338,-12.692,S178,Cloture Motion Rejected,,,
114,Senate,77,2015-03-23,1,77,89,0,0.0,0.0,0.0,0.0,0.0,PN130,Nomination Confirmed,,,
114,Senate,78,2015-03-24,1,78,45,52,0.024,-0.086,0.455,-0.118,-0.345,SCONRES11,Amendment Rejected,,,
114,Senate,79,2015-03-24,1,79,94,3,0.823,-0.157,0.324,0.068,-7.472,SCONRES11,Amendment Agreed to,,,
114,Senate,80,2015-03-24,1,80,96,0,0.0,0.0,0.0,0.0,0.0,SCONRES11,Amendment Agreed to,,,
114,Senate,81,2015-03-24,1,81,56,43,-0.093,-0.103,-0.435,-0.046,-4.646,SCONRES11,Amendment Agreed to,,,
114,Senate,82,2015-03-24,1,82,45,54,-0.043,-0.079,0.388,-0.339,-2.76,SCONRES11,Amendment Rejected,,,
114,Senate,83,2015-03-24,1,83,75,24,-0.316,-0.101,-0.383,0.144,-18.53,SCONRES11,Amendment Agreed to,,,
114,Senate,84,2015-03-24,1,84,51,48,0.171,-0.113,0.2,0.286,-16.986,SCONRES11,Motion Rejected,,,
114,Senate,85,2015-03-24,1,85,1,98,0.0,0.0,0.0,0.0,0.0,SCONRES11,Amendment Rejected,,,
114,Senate,86,2015-03-25,1,86,46,53,0.037,-0.085,0.456,-0.169,-0.389,SCONRES11,Amendment Rejected,,,
114,Senate,87,2015-03-25,1,87,99,0,0.0,0.0,0.0,0.0,0.0,SCONRES11,Amendment Agreed to,,,
114,Senate,88,2015-03-25,1,88,59,40,-0.143,-0.113,-0.434,-0.164,-7.325,SCONRES11,Amendment Agreed to,,,
114,Senate,89,2015-03-25,1,89,49,50,0.137,-0.079,0.263,0.714,-10.941,SCONRES11,Amendment Rejected,,,
114,Senate,90,2015-03-25,1,90,46,53,0.052,-0.08,0.208,0.141,-13.576,SCONRES11,Motion Rejected,,,
114,Senate,91,2015-03-25,1,91,46,53,0.037,-0.085,0.456,-0.169,-0.389,SCONRES11,Amendment Rejected,,,
114,Senate,92,2015-03-25,1,92,99,0,0.0,0.0,0.0,0.0,0.0,SCONRES11,Amendment Agreed to,,,
114,Senate,93,2015-03-26,1,93,48,52,0.179,-0.085,0.363,0.091,-5.434,SCONRES11,Amendment Rejected,,,
114,Senate,94,2015-03-26,1,94,46,54,0.036,-0.086,0.459,-0.169,-0.385,SCONRES11,Amendment Rejected,,,
114,Senate,95,2015-03-26,1,95,47,53,0.124,-0.091,0.462,0.045,-0.985,SCONRES11,Amendment Rejected,,,
114,Senate,96,2015-03-26,1,96,32,68,0.468,-0.123,-0.111,-0.129,-50.835,SCONRES11,Motion Rejected,,,
114,Senate,97,2015-03-26,1,97,4,96,0.702,0.354,-0.218,-0.496,-15.07,SCONRES11,Motion Rejected,,,
114,Senate,98,2015-03-26,1,98,61,39,0.344,-0.009,0.241,0.533,-22.125,SCONRES11,Amendment Agreed to,,,
114,Senate,99,2015-03-26,1,99,100,0,0.0,0.0,0.0,0.0,0.0,SCONRES11,Amendment Agreed to,,,
114,Senate,100,2015-03-26,1,100,45,55,-0.032,-0.096,0.452,0.073,-1.831,SCONRES11,Amendment Rejected,,,
114,Senate,101,2015-03-26,1,101,46,54,0.036,-0.086,0.459,-0.169,-0.385,SCONRES11,Amendment Rejected,,,
114,Senate,102,2015-03-26,1,102,56,44,-0.073,-0.095,-0.392,0.035,-5.186,SCONRES11,Amendment Agreed to,,,
114,Senate,103,2015-03-26,1,103,58,42,-0.087,-0.124,-0.454,-0.391,-3.634,SCONRES11,Amendment Agreed to,,,
114,Senate,104,2015-03-26,1,104,46,54,0.036,-0.086,0.459,-0.169,-0.385,SCONRES11,Amendment Rejected,,,
114,Senate,105,2015-03-26,1,105,54,46,0.036,-0.086,-0.459,0.169,-0.385,SCONRES11,Amendment Agreed to,,,
114,Senate,106,2015-03-26,1,106,51,49,0.154,-0.085,-0.231,-0.048,-11.989,SCONRES11,Amendment Agreed to,,,
114,Senate,107,2015-03-26,1,107,47,52,0.162,-0.091,0.43,0.317,-2.41,SCONRES11,Amendment Rejected,,,
114,Senate,108,2015-03-26,1,108,59,41,-0.102,-0.133,-0.377,-0.374,-8.118,SCONRES11,Amendment Agreed to,,,
114,Senate,109,2015-03-26,1,109,100,0,0.0,0.0,0.0,0.0,0.0,SCONRES11,Amendment Agreed to,,,
114,Senate,110,2015-03-26,1,110,46,54,0.036,-0.086,0.459,-0.169,-0.385,SCONRES11,Amendment Rejected,,,
114,Senate,111,2015-03-26,1,111,46,54,0.036,-0.086,0.459,-0.169,-0.385,SCONRES11,Amendment Rejected,,,
114,Senate,112,2015-03-26,1,112,59,41,-0.104,-0.086,-0.271,0.091,-12.647,SCONRES11,Amendment Agreed to,,,
114,Senate,113,2015-03-26,1,113,100,0,0.0,0.0,0.0,0.0,0.0,SCONRES11,Amendment Agreed to,,,
114,Senate,114,2015-03-26,1,114,54,46,0.042,-0.095,-0.415,-0.331,-2.351,SCONRES11,Amendment Agreed to,,,
114,Senate,115,2015-03-26,1,115,53,47,0.241,-0.051,0.328,0.608,-9.51,SCONRES11,Amendment Agreed to,,,
114,Senate,116,2015-03-26,1,116,57,43,-0.062,-0.119,-0.45,-0.401,-2.695,SCONRES11,Amendment Agreed to,,,
114,Senate,117,2015-03-26,1,117,46,54,0.036,-0.086,0.459,-0.169,-0.385,SCONRES11,Amendment Rejected,,,
114,Senate,118,2015-03-26,1,118,59,41,-0.115,-0.117,-0.395,-0.206,-8.117,SCONRES11,Amendment Agreed to,,,
114,Senate,119,2015-03-26,1,119,46,54,0.036,-0.086,0.459,-0.169,-0.385,SCONRES11,Amendment Rejected,,,
114,Senate,120,2015-03-26,1,120,51,49,0.171,-0.086,-0.243,-0.045,-10.807,SCONRES11,Amendment Agreed to,,,
114,Senate,121,2015-03-26,1,121,57,43,0.288,-0.026,0.257,0.579,-16.96,SCONRES11,Amendment Agreed to,,,
114,Senate,122,2015-03-26,1,122,57,43,-0.095,-0.085,-0.388,0.385,-5.648,SCONRES11,Amendment Agreed to,,,
114,Senate,123,2015-03-26,1,123,51,49,0.179,-0.068,0.23,0.348,-13.626,SCONRES11,Motion Rejected,,,
114,Senate,124,2015-03-26,1,124,58,42,-0.113,-0.106,-0.446,-0.051,-5.383,SCONRES11,Amendment Agreed to,,,
114,Senate,125,2015-03-26,1,125,73,27,0.502,0.087,0.136,0.114,-44.729,SCONRES11,Amendment Agreed to,,,
114,Senate,126,2015-03-26,1,126,56,43,-0.055,-0.108,-0.452,-0.239,-2.712,SCONRES11,Amendment Agreed to,,,
114,Senate,127,2015-03-27,1,127,44,54,0.036,-0.085,0.458,-0.17,-0.385,SCONRES11,Amendment Rejected,,,
114,Senate,128,2015-03-27,1,128,52,42,0.077,-0.087,-0.304,-0.714,-4.935,SCONRES11,Amendment Agreed to,,,
114,Senate,129,2015-03-27,1,129,49,48,0.139,-0.08,-0.146,-0.031,-28.416,SCONRES11,Motion Rejected,,,
114,Senate,130,2015-03-27,1,130,52,46,0.118,-0.104,-0.218,-0.135,-11.045,SCONRES11,Amendment Agreed to,,,
114,Senate,131,2015-03-27,1,131,42,56,-0.068,-0.101,0.377,-0.05,-5.445,SCONRES11,Amendment Rejected,,,
114,Senate,132,2015-03-27,1,132,54,44,0.062,-0.098,-0.238,-0.347,-9.589,SCONRES11,Amendment Agreed to,,,
114,Senate,133,2015-03-27,1,133,47,51,0.1,-0.022,0.197,0.271,-15.726,SCONRES11,Amendment Rejected,,,
114,Senate,134,2015-03-27,1,134,50,48,0.221,-0.07,0.288,0.429,-11.8,SCONRES11,Amendment Agreed to,,,
114,Senate,135,2015-03-27,1,135,52,46,0.063,-0.069,-0.182,-0.025,-14.569,SCONRES11,Concurrent Resolution Agreed to,,,
114,Senate,136,2015-04-13,1,136,95,0,0.0,0.0,0.0,0.0,0.0,PN21,Nomination Confirmed,,,
114,Senate,137,2015-04-14,1,137,54,45,0.036,-0.085,-0.459,0.17,-0.383,HR2,Amendment Rejected,,,
114,Senate,138,2015-04-14,1,138,50,50,0.183,-0.075,0.286,0.362,-9.819,HR2,Motion Rejected,,,
114,Senate,139,2015-04-14,1,139,42,58,0.285,-0.064,-0.184,-0.094,-26.354,HR2,Amendment Rejected,,,
114,Senate,140,2015-04-14,1,140,43,57,-0.06,-0.121,0.37,0.341,-6.65,HR2,Motion Rejected,,,
114,Senate,141,2015-04-14,1,141,11,89,0.656,-0.039,-0.299,-0.349,-19.32,HR2,Amendment Rejected,,,
114,Senate,142,2015-04-14,1,142,58,42,0.293,-0.003,0.179,0.322,-28.618,HR2,Motion Rejected,,,
114,Senate,143,2015-04-14,1,143,71,29,0.437,0.06,0.241,0.415,-30.794,HR2,Motion Agreed to,,,
114,Senate,144,2015-04-14,1,144,92,8,0.701,-0.074,0.336,0.326,-16.261,HR2,Bill Passed,,,
114,Senate,145,2015-04-15,1,145,54,43,-0.053,-0.131,-0.193,0.138,-16.734,SCONRES11,Motion Agreed to,,,
114,Senate,146,2015-04-15,1,146,86,11,0.712,-0.114,0.185,0.146,-29.385,SCONRES11,Motion Agreed to,,,
114,Senate,147,2015-04-15,1,147,85,11,0.52,-0.364,0.207,-0.696,-20.209,SCONRES11,Motion Agreed to,,,
114,Senate,148,2015-04-15,1,148,97,0,0.0,0.0,0.0,0.0,0.0,SCONRES11,Motion Agreed to,,,
114,Senate,149,2015-04-15,1,149,45,52,0.037,-0.084,0.454,-0.173,-0.389,SCONRES11,Motion Rejected,,,
114,Senate,150,2015-04-15,1,150,84,13,0.624,-0.064,0.204,0.005,-26.917,SCONRES11,Motion Agreed to,,,
114,Senate,151,2015-04-15,1,151,57,40,-0.13,-0.095,-0.397,0.012,-8.561,SCONRES11,Motion Agreed to,,,
114,Senate,152,2015-04-15,1,152,44,53,-0.043,-0.077,0.387,-0.341,-2.761,SCONRES11,Motion Rejected,,,
114,Senate,153,2015-04-15,1,153,45,52,0.037,-0.084,0.454,-0.173,-0.389,SCONRES11,Motion Rejected,,,
114,Senate,154,2015-04-16,1,154,95,2,0.0,0.0,0.0,0.0,0.0,PN56,Nomination Confirmed,,,
114,Senate,155,2015-04-20,1,155,91,0,0.0,0.0,0.0,0.0,0.0,PN16,Nomination Confirmed,,,
114,Senate,156,2015-04-22,1,156,43,55,-0.061,-0.116,0.369,0.341,-6.653,S178,Amendment Rejected,,,
114,Senate,157,2015-04-22,1,157,98,0,0.0,0.0,0.0,0.0,0.0,S178,Amendment Agreed to,,,
114,Senate,158,2015-04-22,1,158,45,53,0.196,0.003,-0.262,-0.585,-12.385,S178,Amendment Rejected,,,
114,Senate,159,2015-04-22,1,159,56,43,0.234,0.039,0.218,0.554,-19.766,S178,Amendment Rejected,,,
114,Senate,160,2015-04-22,1,160,99,0,0.0,0.0,0.0,0.0,0.0,S178,Amendment Agreed to,,,
114,Senate,161,2015-04-22,1,161,98,0,0.0,0.0,0.0,0.0,0.0,S178,Amendment Agreed to,,,
114,Senate,162,2015-04-22,1,162,97,2,0.0,0.0,0.0,0.0,0.0,S178,Amendment Agreed to,,,
114,Senate,163,2015-04-22,1,163,99,0,0.0,0.0,0.0,0.0,0.0,S178,Bill Passed,,,
114,Senate,164,2015-04-23,1,164,66,34,0.39,0.022,0.247,0.478,-29.261,PN4,Cloture Motion Agreed to,,,
114,Senate,165,2015-04-23,1,165,56,43,0.254,0.012,0.22,0.476,-21.877,PN4,Nomination Confirmed,,,
114,Senate,166,2015-04-27,1,166,87,0,0.0,0.0,0.0,0.0,0.0,PN43,Nomination Confirmed,,,
114,Senate,167,2015-04-28,1,167,39,57,0.278,0.004,-0.168,-0.277,-27.661,HR1191,Amendment Rejected,,,
114,Senate,168,2015-04-29,1,168,45,54,0.202,-0.022,-0.17,-0.284,-24.775,HR1191,Amendment Rejected,,,
114,Senate,169,2015-05-04,1,169,93,0,0.0,0.0,0.0,0.0,0.0,PN209,Nomination Confirmed,,,
114,Senate,170,2015-05-05,1,170,53,44,-0.001,-0.118,-0.202,0.1,-13.321,SCONRES11,Motion to Proceed Agreed to,,,
114,Senate,171,2015-05-05,1,171,51,48,0.068,-0.077,-0.183,-0.021,-14.656,SCONRES11,Conference Report Agreed to,,,
114,Senate,172,2015-05-05,1,172,96,3,0.937,0.09,0.238,0.509,-17.383,SJRES8,Motion to Table Agreed to,,,
114,Senate,173,2015-05-07,1,173,93,6,0.799,-0.261,0.237,0.218,-19.717,HR1191,Cloture Motion Agreed to,,,
114,Senate,174,2015-05-07,1,174,98,1,0.0,0.0,0.0,0.0,0.0,HR1191,Bill Passed,,,
114,Senate,175,2015-05-11,1,175,90,0,0.0,0.0,0.0,0.0,0.0,SCONRES16,Concurrent Resolution Agreed to,,,
114,Senate,176,2015-05-12,1,176,52,45,0.051,-0.08,-0.235,0.269,-8.722,HR1314,Cloture on the Motion to Proceed Rejected,,,
114,Senate,177,2015-05-13,1,177,84,12,0.43,0.353,0.168,0.982,-16.247,PN31,Nomination Confirmed,,,
114,Senate,178,2015-05-14,1,178,97,1,0.0,0.0,0.0,0.0,0.0,HR1295,Bill Passed,,,
114,Senate,179,2015-05-14,1,179,78,20,0.473,-0.311,0.175,-0.274,-31.356,HR644,Bill Passed,,,
114,Senate,180,2015-05-14,1,180,65,33,-0.213,-0.056,-0.314,0.352,-18.433,HR1314,Cloture on the Motion to Proceed Agreed to,,,
114,Senate,181,2015-05-18,1,181,45,41,0.11,-0.049,0.21,-0.111,-11.23,HR1314,Amendment Rejected,,,
114,Senate,182,2015-05-18,1,182,92,0,0.0,0.0,0.0,0.0,0.0,HR1314,Amendment Agreed to,,,
114,Senate,183,2015-05-21,1,183,62,38,-0.184,-0.07,-0.125,0.033,-37.486,HR1314,Cloture Motion Agreed to,,,
114,Senate,184,2015-05-21,1,184,100,0,0.0,0.0,0.0,0.0,0.0,PN20,Nomination Confirmed,,,
114,Senate,185,2015-05-21,1,185,100,0,0.0,0.0,0.0,0.0,0.0,PN19,Nomination Confirmed,,,
114,Senate,186,2015-05-22,1,186,70,29,-0.319,0.044,-0.11,0.143,-46.704,HR1314,Amendment Agreed to,,,
114,Senate,187,2015-05-22,1,187,48,51,0.083,-0.067,0.096,-0.144,-48.61,HR1314,Amendment Rejected,,,
114,Senate,188,2015-05-22,1,188,39,60,-0.14,-0.105,0.196,-0.089,-21.792,HR1314,Amendment Rejected,,,
114,Senate,189,2015-05-22,1,189,47,52,0.046,-0.095,0.106,0.027,-42.111,HR1314,Amendment Rejected,,,
114,Senate,190,2015-05-22,1,190,36,62,0.375,-0.038,-0.254,-0.325,-21.9,HR1314,Amendment Rejected,,,
114,Senate,191,2015-05-22,1,191,62,37,-0.201,-0.051,-0.124,0.049,-38.245,HR1314,Amendment Agreed to,,,
114,Senate,192,2015-05-22,1,192,61,38,-0.183,-0.072,-0.125,0.035,-37.418,HR1314,Cloture Motion Agreed to,,,
114,Senate,193,2015-05-22,1,193,62,37,-0.201,-0.051,-0.124,0.049,-38.245,HR1314,Bill Passed,,,
114,Senate,194,2015-05-23,1,194,57,42,0.24,-0.056,0.114,0.075,-40.993,HR2048,Cloture on the Motion to Proceed Rejected,,,
114,Senate,195,2015-05-23,1,195,45,54,0.158,0.079,-0.122,-0.21,-36.195,S1357,Cloture on the Motion to Proceed Rejected,,,
114,Senate,196,2015-05-31,1,196,77,17,0.485,0.315,0.129,0.36,-34.209,HR2048,Cloture on the Motion to Proceed Agreed to,,,
114,Senate,197,2015-06-02,1,197,83,14,0.484,0.4,0.111,0.458,-29.419,HR2048,Cloture Motion Agreed to,,,
114,Senate,198,2015-06-02,1,198,42,56,0.23,-0.171,-0.114,0.017,-41.114,HR2048,Amendment Rejected,,,
114,Senate,199,2015-06-02,1,199,44,54,0.196,0.018,-0.108,-0.123,-40.684,HR2048,Amendment Rejected,,,
114,Senate,200,2015-06-02,1,200,43,56,0.2,0.048,-0.105,-0.161,-42.233,HR2048,Amendment Rejected,,,
114,Senate,201,2015-06-02,1,201,67,32,0.449,0.138,0.104,0.159,-48.316,HR2048,Bill Passed,,,
114,Senate,202,2015-06-04,1,202,61,34,-0.179,-0.054,-0.229,0.184,-23.756,HR1735,Amendment Agreed to,,,
114,Senate,203,2015-06-04,1,203,53,42,0.212,0.033,0.248,0.633,-14.506,HR1735,Amendment Rejected,,,
114,Senate,204,2015-06-04,1,204,48,44,0.075,-0.078,-0.181,0.198,-18.508,HR1735,Amendment Agreed to,,,
114,Senate,205,2015-06-09,1,205,46,51,0.037,-0.085,0.455,-0.169,-0.391,HR1735,Amendment Rejected,,,
114,Senate,206,2015-06-10,1,206,31,65,0.433,-0.037,-0.17,-0.225,-30.99,HR1735,Motion to Table Failed,,,
114,Senate,207,2015-06-11,1,207,56,40,-0.115,0.017,-0.165,-0.414,-23.263,HR1735,Cloture Motion Rejected,,,
114,Senate,208,2015-06-15,1,208,62,24,0.351,0.134,0.257,0.833,-22.582,PN88,Nomination Confirmed,,,
114,Senate,209,2015-06-16,1,209,78,21,0.432,0.233,0.166,0.509,-31.99,HR1735,Amendment Agreed to,,,
114,Senate,210,2015-06-16,1,210,54,45,0.007,-0.037,-0.104,0.04,-43.018,HR1735,Amendment Rejected,,,
114,Senate,211,2015-06-16,1,211,50,49,0.092,-0.02,0.077,0.144,-50.286,HR1735,Amendment Rejected,,,
114,Senate,212,2015-06-16,1,212,83,15,-0.516,0.223,-0.162,0.048,-30.498,HR1735,Cloture Motion Agreed to,,,
114,Senate,213,2015-06-16,1,213,26,73,0.483,0.024,-0.162,-0.21,-38.214,HR1735,Amendment Rejected,,,
114,Senate,214,2015-06-17,1,214,84,14,-0.438,0.05,-0.188,0.228,-27.597,HR1735,Cloture Motion Agreed to,,,
114,Senate,215,2015-06-18,1,215,71,25,-0.364,-0.221,-0.162,-0.065,-30.502,HR1735,Bill Passed,,,
114,Senate,216,2015-06-18,1,216,50,45,0.062,-0.093,-0.224,-0.018,-8.781,HR2685,Cloture on the Motion to Proceed Rejected,,,
114,Senate,217,2015-06-22,1,217,81,1,0.0,0.0,0.0,0.0,0.0,PN414,Nomination Confirmed,,,
114,Senate,218,2015-06-23,1,218,60,37,-0.187,-0.096,-0.125,0.084,-37.154,HR2146,Cloture Motion Agreed to,,,
114,Senate,219,2015-06-24,1,219,60,38,-0.182,-0.101,-0.126,0.086,-37.414,HR2146,Motion Agreed to,,,
114,Senate,220,2015-06-24,1,220,76,22,0.481,0.103,0.354,0.786,-19.797,HR1295,Cloture Motion Agreed to,,,
114,Senate,221,2015-07-07,1,221,95,0,0.0,0.0,0.0,0.0,0.0,PN12,Nomination Confirmed,,,
114,Senate,222,2015-07-08,1,222,98,0,0.0,0.0,0.0,0.0,0.0,S1177,Amendment Agreed to,,,
114,Senate,223,2015-07-08,1,223,47,50,0.138,-0.077,0.219,0.153,-12.383,S1177,Amendment Rejected,,,
114,Senate,224,2015-07-08,1,224,56,41,0.268,-0.127,0.159,-0.208,-35.464,S1177,Amendment Agreed to,,,
114,Senate,225,2015-07-08,1,225,45,52,0.278,-0.072,-0.289,-0.125,-15.123,S1177,Amendment Rejected,,,
114,Senate,226,2015-07-09,1,226,44,54,0.312,-0.061,-0.44,-0.249,-10.391,S1177,Amendment Rejected,,,
114,Senate,227,2015-07-09,1,227,98,0,0.0,0.0,0.0,0.0,0.0,S1177,Amendment Agreed to,,,
114,Senate,228,2015-07-09,1,228,98,0,0.0,0.0,0.0,0.0,0.0,S1177,Amendment Agreed to,,,
114,Senate,229,2015-07-09,1,229,81,15,-0.617,-0.332,-0.153,-0.015,-32.292,HR1735,Cloture Motion Agreed to,,,
114,Senate,230,2015-07-09,1,230,44,52,0.001,-0.056,0.243,-0.333,-7.582,HR1735,Motion Rejected,,,
114,Senate,231,2015-07-13,1,231,89,0,0.0,0.0,0.0,0.0,0.0,S1177,Amendment Agreed to,,,
114,Senate,232,2015-07-14,1,232,45,51,0.259,-0.107,-0.324,0.229,-13.362,S1177,Amendment Rejected,,,
114,Senate,233,2015-07-14,1,233,56,40,0.308,-0.034,0.212,0.292,-21.347,S1177,Amendment Agreed to,,,
114,Senate,234,2015-07-14,1,234,97,0,0.0,0.0,0.0,0.0,0.0,S1177,Amendment Agreed to,,,
114,Senate,235,2015-07-14,1,235,32,64,0.402,0.011,-0.268,-0.365,-26.231,S1177,Amendment Rejected,,,
114,Senate,236,2015-07-14,1,236,52,45,0.214,-0.033,0.261,0.609,-11.21,S1177,Amendment Rejected,,,
114,Senate,237,2015-07-15,1,237,86,12,0.592,0.148,0.317,0.628,-19.1,S1177,Cloture Motion Agreed to,,,
114,Senate,238,2015-07-15,1,238,44,53,0.024,-0.107,0.269,0.658,-9.145,S1177,Amendment Rejected,,,
114,Senate,239,2015-07-15,1,239,58,39,0.319,-0.074,0.203,0.116,-25.089,S1177,Amendment Rejected,,,
114,Senate,240,2015-07-15,1,240,46,50,0.099,-0.117,0.175,0.303,-20.094,S1177,Amendment Rejected,,,
114,Senate,241,2015-07-15,1,241,43,54,-0.003,-0.093,0.213,-0.188,-14.324,S1177,Amendment Rejected,,,
114,Senate,242,2015-07-16,1,242,40,58,0.318,0.015,-0.271,-0.53,-19.357,S1177,Amendment Rejected,,,
114,Senate,243,2015-07-16,1,243,43,55,-0.081,-0.099,0.42,-0.112,-3.837,S1177,Amendment Rejected,,,
114,Senate,244,2015-07-16,1,244,68,30,0.464,-0.117,0.124,-0.059,-47.94,S1177,Amendment Agreed to,,,
114,Senate,245,2015-07-16,1,245,59,39,-0.129,-0.245,-0.072,-0.059,-53.02,S1177,Amendment Agreed to,,,
114,Senate,246,2015-07-16,1,246,53,44,0.255,-0.105,0.265,-0.213,-17.476,S1177,Amendment Agreed to,,,
114,Senate,247,2015-07-16,1,247,45,52,0.035,-0.088,0.459,-0.161,-0.391,S1177,Amendment Rejected,,,
114,Senate,248,2015-07-16,1,248,79,18,0.297,0.846,0.037,0.257,-41.323,S1177,Cloture Motion Agreed to,,,
114,Senate,249,2015-07-16,1,249,81,17,0.705,0.356,0.15,0.082,-31.259,S1177,Bill Passed,,,
114,Senate,250,2015-07-21,1,250,41,56,0.24,-0.012,-0.12,-0.138,-37.348,HR22,Cloture on the Motion to Proceed Rejected,,,
114,Senate,251,2015-07-22,1,251,62,36,-0.194,-0.314,-0.092,-0.139,-44.565,HR22,Cloture on the Motion to Proceed Agreed to,,,
114,Senate,252,2015-07-24,1,252,51,26,-0.13,-0.462,-0.048,-0.217,-42.689,HR22,Motion to Proceed Agreed to,,,
114,Senate,253,2015-07-26,1,253,49,43,0.043,-0.071,-0.449,0.163,-0.377,HR22,Cloture Motion Rejected,,,
114,Senate,254,2015-07-26,1,254,67,26,0.458,0.02,0.27,0.325,-25.402,HR22,Cloture Motion Agreed to,,,
114,Senate,255,2015-07-27,1,255,79,14,0.499,-0.655,0.131,-0.212,-34.407,HR22,Motion for Attendance Agreed to,,,
114,Senate,256,2015-07-27,1,256,64,29,0.44,-0.003,0.166,0.262,-30.213,HR22,Amendment Agreed to,,,
114,Senate,257,2015-07-27,1,257,62,32,-0.179,0.167,-0.056,0.099,-54.231,HR22,Cloture Motion Agreed to,,,
114,Senate,258,2015-07-29,1,258,62,38,-0.012,-0.328,-0.017,-0.162,-64.687,HR22,Amendment Agreed to,,,
114,Senate,259,2015-07-29,1,259,65,35,-0.135,-0.341,-0.038,-0.146,-60.596,HR22,Cloture Motion Agreed to,,,
114,Senate,260,2015-07-30,1,260,65,34,0.035,0.055,-0.014,0.055,-67.029,HR22,Bill Passed,,,
114,Senate,261,2015-07-30,1,261,91,4,0.862,-0.366,0.254,-0.083,-15.254,HR3236,Bill Passed,,,
114,Senate,262,2015-08-03,1,262,53,46,0.063,-0.085,-0.226,-0.343,-10.897,S1881,Cloture on the Motion to Proceed Rejected,,,
114,Senate,263,2015-09-08,1,263,96,0,0.0,0.0,0.0,0.0,0.0,PN17,Nomination Confirmed,,,
114,Senate,264,2015-09-10,1,264,58,42,-0.064,-0.058,-0.244,0.296,-14.302,HJRES61,Cloture Motion Rejected,,,
114,Senate,265,2015-09-15,1,265,56,42,-0.064,-0.058,-0.244,0.294,-14.297,HJRES61,Cloture Motion Rejected,,,
114,Senate,266,2015-09-17,1,266,53,45,-0.03,-0.092,-0.45,-0.072,-1.823,HJRES61,Cloture Motion Rejected,,,
114,Senate,267,2015-09-17,1,267,56,42,-0.064,-0.056,-0.244,0.294,-14.296,HJRES61,Cloture Motion Rejected,,,
114,Senate,268,2015-09-22,1,268,54,42,0.044,-0.101,-0.282,-0.723,-7.21,HR36,Cloture on the Motion to Proceed Rejected,,,
114,Senate,269,2015-09-22,1,269,54,42,-0.032,-0.095,-0.423,-0.087,-2.938,HR2685,Cloture on the Motion to Proceed Rejected,,,
114,Senate,270,2015-09-24,1,270,47,52,0.134,0.047,-0.187,-0.629,-20.334,HJRES61,Cloture Motion Rejected,,,
114,Senate,271,2015-09-28,1,271,77,19,0.536,0.038,0.293,0.443,-23.941,HR719,Cloture Motion Agreed to,,,
114,Senate,272,2015-09-30,1,272,78,20,0.528,0.048,0.278,0.466,-25.69,HR719,Motion Agreed to,,,
114,Senate,273,2015-10-01,1,273,50,44,-0.03,-0.089,-0.425,-0.08,-2.968,HR2029,Cloture on the Motion to Proceed Rejected,,,
114,Senate,274,2015-10-05,1,274,69,21,0.321,0.201,0.211,1.119,-18.134,PN14,Nomination Confirmed,,,
114,Senate,275,2015-10-06,1,275,73,26,-0.311,-0.138,-0.205,-0.04,-29.104,HR1735,Cloture Motion Agreed to,,,
114,Senate,276,2015-10-07,1,276,71,26,-0.311,-0.138,-0.206,-0.042,-29.104,HR1735,Motion Agreed to,,,
114,Senate,277,2015-10-07,1,277,70,27,-0.334,-0.189,-0.16,-0.082,-32.075,HR1735,Conference Report Agreed to,,,
114,Senate,278,2015-10-08,1,278,49,47,0.091,-0.079,-0.186,-0.14,-16.672,HR2028,Cloture on the Motion to Proceed Rejected,,,
114,Senate,279,2015-10-20,1,279,95,2,0.0,0.0,0.0,0.0,0.0,PN13,Nomination Confirmed,,,
114,Senate,280,2015-10-20,1,280,54,45,0.019,-0.083,-0.333,-0.555,-5.286,S2146,Cloture on the Motion to Proceed Rejected,,,
114,Senate,281,2015-10-22,1,281,83,14,-0.432,-0.28,-0.246,-0.319,-20.973,S754,Cloture Motion Agreed to,,,
114,Senate,282,2015-10-22,1,282,32,65,-0.124,-0.48,0.051,0.244,-49.909,S754,Amendment Rejected,,,
114,Senate,283,2015-10-22,1,283,93,0,0.0,0.0,0.0,0.0,0.0,PN581,Nomination Confirmed,,,
114,Senate,284,2015-10-26,1,284,88,0,0.0,0.0,0.0,0.0,0.0,PN154,Nomination Confirmed,,,
114,Senate,285,2015-10-27,1,285,41,55,-0.083,-0.114,0.098,0.225,-40.071,S754,Amendment Rejected,,,
114,Senate,286,2015-10-27,1,286,47,49,0.036,-0.088,0.039,0.02,-61.77,S754,Amendment Rejected,,,
114,Senate,287,2015-10-27,1,287,37,59,-0.165,-0.112,0.124,0.256,-33.556,S754,Amendment Rejected,,,
114,Senate,288,2015-10-27,1,288,35,60,-0.198,-0.152,0.117,0.254,-35.101,S754,Amendment Rejected,,,
114,Senate,289,2015-10-27,1,289,41,54,-0.083,-0.102,0.088,0.349,-41.593,S754,Amendment Rejected,,,
114,Senate,290,2015-10-27,1,290,22,73,0.57,-0.361,-0.133,-0.017,-42.577,S754,Amendment Rejected,,,
114,Senate,291,2015-10-27,1,291,74,21,-0.456,-0.601,-0.097,-0.154,-40.67,S754,Bill Passed,,,
114,Senate,292,2015-10-30,1,292,63,35,0.4,-0.058,0.311,0.167,-21.852,HR1314,Cloture Motion Agreed to,,,
114,Senate,293,2015-10-30,1,293,64,35,0.4,-0.058,0.311,0.167,-21.852,HR1314,Motion Agreed to,,,
114,Senate,294,2015-10-30,1,294,64,35,0.4,-0.058,0.311,0.167,-21.852,HR1314,Motion Agreed to,,,
114,Senate,295,2015-11-03,1,295,57,41,-0.087,-0.125,-0.453,-0.391,-3.639,S1140,Cloture on the Motion to Proceed Rejected,,,
114,Senate,296,2015-11-03,1,296,55,43,-0.007,-0.101,-0.387,-0.637,-3.024,SJRES22,Motion to Proceed Agreed to,,,
114,Senate,297,2015-11-04,1,297,53,44,-0.007,-0.1,-0.387,-0.638,-3.022,SJRES22,Joint Resolution Passed,,,
114,Senate,298,2015-11-05,1,298,51,44,0.062,-0.089,-0.226,-0.013,-8.879,HR2685,Cloture on the Motion to Proceed Rejected,,,
114,Senate,299,2015-11-05,1,299,93,0,0.0,0.0,0.0,0.0,0.0,HR2029,Motion to Proceed Agreed to,,,
114,Senate,300,2015-11-09,1,300,83,0,0.0,0.0,0.0,0.0,0.0,PN569,Nomination Confirmed,,,
114,Senate,301,2015-11-10,1,301,91,3,-0.43,-0.729,-0.272,-0.769,-8.661,S1356,Motion Agreed to,,,
114,Senate,302,2015-11-10,1,302,93,0,0.0,0.0,0.0,0.0,0.0,HR2029,Bill Passed,,,
114,Senate,303,2015-11-10,1,303,82,7,0.653,0.047,0.322,0.111,-12.745,HR22,Cloture Motion Agreed to,,,
114,Senate,304,2015-11-10,1,304,56,31,0.28,0.179,0.106,0.211,-38.922,HR22,Motion Agreed to,,,
114,Senate,305,2015-11-16,1,305,93,1,0.0,0.0,0.0,0.0,0.0,PN15,Nomination Confirmed,,,
114,Senate,306,2015-11-17,1,306,52,46,0.062,-0.094,-0.318,-0.916,-4.778,SJRES24,Joint Resolution Passed,,,
114,Senate,307,2015-11-17,1,307,52,46,0.062,-0.094,-0.318,-0.916,-4.778,SJRES23,Joint Resolution Passed,,,
114,Senate,308,2015-11-18,1,308,91,6,0.713,0.056,0.324,0.464,-10.625,S1177,Cloture Motion Agreed to,,,
114,Senate,309,2015-11-19,1,309,95,0,0.0,0.0,0.0,0.0,0.0,PN629,Nomination Confirmed,,,
114,Senate,310,2015-11-30,1,310,79,7,0.665,0.009,0.299,0.165,-13.334,PN420,Nomination Confirmed,,,
114,Senate,311,2015-12-03,1,311,54,46,0.053,-0.088,-0.344,-0.41,-4.703,HR3762,Motion to Table Agreed to,,,
114,Senate,312,2015-12-03,1,312,56,44,-0.069,-0.099,-0.37,0.035,-6.144,HR3762,Amendment Rejected,,,
114,Senate,313,2015-12-03,1,313,45,55,-0.047,-0.083,0.385,-0.276,-3.328,HR3762,Motion Rejected,,,
114,Senate,314,2015-12-03,1,314,48,52,0.132,-0.105,0.357,0.624,-3.973,HR3762,Amendment Rejected,,,
114,Senate,315,2015-12-03,1,315,46,54,0.036,-0.086,0.459,-0.169,-0.385,HR3762,Motion Rejected,,,
114,Senate,316,2015-12-03,1,316,90,10,-0.383,-0.864,-0.058,-0.406,-37.07,HR3762,Amendment Agreed to,,,
114,Senate,317,2015-12-03,1,317,47,52,0.163,-0.084,0.396,0.286,-3.93,HR3762,Motion Rejected,,,
114,Senate,318,2015-12-03,1,318,55,44,0.018,-0.085,-0.331,-0.555,-5.255,HR3762,Motion Rejected,,,
114,Senate,319,2015-12-03,1,319,45,54,0.053,-0.092,0.315,0.398,-5.868,HR3762,Motion Rejected,,,
114,Senate,320,2015-12-03,1,320,53,46,0.049,-0.004,-0.22,-0.322,-11.692,HR3762,Motion Rejected,,,
114,Senate,321,2015-12-03,1,321,48,50,0.118,-0.048,0.239,0.542,-11.48,HR3762,Motion Rejected,,,
114,Senate,322,2015-12-03,1,322,47,52,0.163,-0.084,0.396,0.286,-3.93,HR3762,Motion Rejected,,,
114,Senate,323,2015-12-03,1,323,10,89,0.67,0.122,-0.202,-0.28,-24.443,HR3762,Amendment Rejected,,,
114,Senate,324,2015-12-03,1,324,60,39,-0.145,-0.082,-0.381,0.088,-10.251,HR3762,Amendment Agreed to,,,
114,Senate,325,2015-12-03,1,325,54,45,0.05,-0.088,-0.323,-0.398,-5.699,HR3762,Amendment Rejected,,,
114,Senate,326,2015-12-03,1,326,52,47,0.151,-0.083,-0.297,-0.181,-7.705,HR3762,Motion Rejected,,,
114,Senate,327,2015-12-03,1,327,45,54,0.036,-0.083,0.457,-0.172,-0.386,HR3762,Motion Rejected,,,
114,Senate,328,2015-12-03,1,328,46,53,0.123,-0.089,0.461,0.043,-0.988,HR3762,Motion Rejected,,,
114,Senate,329,2015-12-03,1,329,52,47,0.162,-0.084,-0.431,-0.305,-2.442,HR3762,Bill Passed,,,
114,Senate,330,2015-12-03,1,330,77,22,0.015,-0.757,-0.02,-0.316,-48.928,HR22,Motion Agreed to,,,
114,Senate,331,2015-12-03,1,331,83,16,0.681,-0.049,0.179,0.041,-26.052,HR22,Conference Report Agreed to,,,
114,Senate,332,2015-12-07,1,332,89,0,0.0,0.0,0.0,0.0,0.0,PN18,Nomination Confirmed,,,
114,Senate,333,2015-12-08,1,333,84,12,0.588,0.149,0.348,0.734,-16.389,S1177,Cloture Motion Agreed to,,,
114,Senate,334,2015-12-09,1,334,85,12,0.595,0.104,0.342,0.594,-15.683,S1177,Conference Report Agreed to,,,
114,Senate,335,2015-12-14,1,335,45,34,0.238,-0.044,0.245,0.047,-13.161,PN64,Nomination Confirmed,,,
114,Senate,336,2015-12-18,1,336,72,26,0.499,0.048,0.141,0.32,-36.042,HR2029,Cloture Motion Agreed to,,,
114,Senate,337,2015-12-18,1,337,31,67,0.453,-0.062,-0.155,-0.243,-35.303,HR2029,Motion to Table Failed,,,
114,Senate,338,2015-12-18,1,338,73,25,0.338,0.656,0.052,0.194,-50.627,HR2029,Motion Agreed to,,,
114,Senate,339,2015-12-18,1,339,65,33,0.495,0.168,0.093,0.056,-49.747,HR2029,Motion Agreed to,,,
114,Senate,340,2016-01-11,2,1,82,6,0.56,0.361,0.281,0.739,-11.143,PN11,Nomination Confirmed,,,
114,Senate,341,2016-01-12,2,2,53,44,0.043,-0.022,-0.188,0.181,-16.915,S2232,Cloture on the Motion to Proceed Rejected,,,
114,Senate,342,2016-01-19,2,3,58,36,0.314,0.018,0.209,0.35,-24.413,PN367,Nomination Confirmed,,,
114,Senate,343,2016-01-20,2,4,55,43,-0.048,-0.109,-0.436,-0.256,-2.858,HR4038,Cloture Motion Rejected,,,
114,Senate,344,2016-01-21,2,5,52,40,-0.011,-0.092,-0.38,-0.629,-2.987,SJRES22,Cloture Motion Rejected,,,
114,Senate,345,2016-01-27,2,6,84,2,0.0,0.0,0.0,0.0,0.0,PN326,Nomination Confirmed,,,
114,Senate,346,2016-01-28,2,7,87,4,-0.147,-0.886,-0.084,-0.778,-9.785,S2012,Amendment Agreed to,,,
114,Senate,347,2016-01-28,2,8,62,29,0.414,-0.059,0.283,-0.004,-26.658,S2012,Amendment Agreed to,,,
114,Senate,348,2016-01-28,2,9,55,37,0.311,-0.102,0.253,-0.185,-22.695,S2012,Amendment Agreed to,,,
114,Senate,349,2016-02-02,2,10,47,48,0.13,-0.083,-0.218,-0.348,-13.628,S2012,Amendment Rejected,,,
114,Senate,350,2016-02-02,2,11,43,52,-0.01,-0.102,0.337,0.51,-5.953,S2012,Amendment Rejected,,,
114,Senate,351,2016-02-02,2,12,52,43,-0.047,-0.107,-0.434,-0.253,-2.859,S2012,Amendment Rejected,,,
114,Senate,352,2016-02-02,2,13,49,46,0.124,-0.087,-0.458,-0.044,-0.993,S2012,Amendment Rejected,,,
114,Senate,353,2016-02-02,2,14,45,50,0.066,-0.087,0.273,0.695,-8.416,S2012,Amendment Rejected,,,
114,Senate,354,2016-02-02,2,15,43,52,-0.047,-0.107,0.434,0.253,-2.859,S2012,Amendment Rejected,,,
114,Senate,355,2016-02-04,2,16,46,50,0.046,0.092,-0.083,-0.271,-45.034,S2012,Cloture Motion Rejected,,,
114,Senate,356,2016-02-04,2,17,43,54,0.136,0.088,-0.07,-0.144,-52.031,S2012,Cloture Motion Rejected,,,
114,Senate,357,2016-02-08,2,18,83,0,0.0,0.0,0.0,0.0,0.0,PN831,Nomination Confirmed,,,
114,Senate,358,2016-02-09,2,19,90,0,0.0,0.0,0.0,0.0,0.0,PN915,Nomination Confirmed,,,
114,Senate,359,2016-02-10,2,20,96,0,0.0,0.0,0.0,0.0,0.0,HR757,Bill Passed,,,
114,Senate,360,2016-02-11,2,21,73,22,-0.385,-0.061,-0.149,0.199,-37.111,HR644,Cloture Motion Agreed to,,,
114,Senate,361,2016-02-11,2,22,75,20,-0.427,-0.036,-0.146,0.18,-36.664,HR644,Conference Report Agreed to,,,
114,Senate,362,2016-02-11,2,23,93,0,0.0,0.0,0.0,0.0,0.0,PN675,Nomination Confirmed,,,
114,Senate,363,2016-02-22,2,24,80,6,-0.59,0.248,-0.14,0.304,-22.901,PN849,Cloture Motion Agreed to,,,
114,Senate,364,2016-02-24,2,25,89,4,-0.222,-0.975,-0.072,-0.485,-18.283,PN849,Nomination Confirmed,,,
114,Senate,365,2016-02-25,2,26,93,0,0.0,0.0,0.0,0.0,0.0,SRES374,Resolution Agreed to,,,
114,Senate,366,2016-02-29,2,27,89,0,0.0,0.0,0.0,0.0,0.0,S524,Cloture on the Motion to Proceed Agreed to,,,
114,Senate,367,2016-03-02,2,28,94,0,0.0,0.0,0.0,0.0,0.0,S524,Amendment Agreed to,,,
114,Senate,368,2016-03-02,2,29,46,50,0.16,-0.076,0.391,0.287,-3.923,S524,Motion Rejected,,,
114,Senate,369,2016-03-02,2,30,48,47,0.208,-0.065,0.314,0.446,-9.311,S524,Motion Rejected,,,
114,Senate,370,2016-03-03,2,31,90,0,0.0,0.0,0.0,0.0,0.0,S524,Amendment Agreed to,,,
114,Senate,371,2016-03-07,2,32,86,3,0.348,-0.922,0.088,-0.825,-8.401,S524,Cloture Motion Agreed to,,,
114,Senate,372,2016-03-09,2,33,93,3,0.359,-0.927,0.088,-0.806,-8.453,S524,Cloture Motion Agreed to,,,
114,Senate,373,2016-03-10,2,34,94,1,0.0,0.0,0.0,0.0,0.0,S524,Bill Passed,,,
114,Senate,374,2016-03-10,2,35,71,24,-0.107,-0.035,-0.037,0.043,-62.4,SJRES31,Motion to Table Agreed to,,,
114,Senate,375,2016-03-14,2,36,49,40,0.215,-0.071,0.175,0.139,-21.924,PN1152,Nomination Confirmed,,,
114,Senate,376,2016-03-16,2,37,48,49,0.078,0.034,-0.153,-0.423,-26.364,S764,Cloture Motion Rejected,,,
114,Senate,377,2016-03-17,2,38,96,0,0.0,0.0,0.0,0.0,0.0,SRES377,Resolution Agreed to,,,
114,Senate,378,2016-04-04,2,39,87,0,0.0,0.0,0.0,0.0,0.0,S1890,Bill Passed,,,
114,Senate,379,2016-04-06,2,40,98,0,0.0,0.0,0.0,0.0,0.0,HR636,Cloture on the Motion to Proceed Agreed to,,,
114,Senate,380,2016-04-07,2,41,85,10,-0.439,-0.255,-0.358,-0.151,-16.204,HR636,Amendment Agreed to,,,
114,Senate,381,2016-04-07,2,42,91,5,0.745,-0.012,0.31,0.321,-12.099,HR636,Amendment Agreed to,,,
114,Senate,382,2016-04-07,2,43,42,54,-0.03,-0.088,0.261,0.089,-10.384,HR636,Amendment Rejected,,,
114,Senate,383,2016-04-11,2,44,92,0,0.0,0.0,0.0,0.0,0.0,PN153,Nomination Confirmed,,,
114,Senate,384,2016-04-14,2,45,94,4,0.379,-0.885,0.079,-0.668,-13.902,HR636,Cloture Motion Agreed to,,,
114,Senate,385,2016-04-18,2,46,89,5,0.674,-0.699,0.153,-0.377,-17.451,HR636,Cloture Motion Agreed to,,,
114,Senate,386,2016-04-19,2,47,95,3,0.382,-0.922,0.076,-0.758,-10.053,HR636,Bill Passed,,,
114,Senate,387,2016-04-19,2,48,97,0,0.0,0.0,0.0,0.0,0.0,S2012,Amendment Agreed to,,,
114,Senate,388,2016-04-19,2,49,66,31,0.424,-0.031,0.297,0.284,-24.729,S2012,Amendment Agreed to,,,
114,Senate,389,2016-04-19,2,50,34,63,0.381,-0.076,-0.224,0.008,-29.33,S2012,Amendment Rejected,,,
114,Senate,390,2016-04-19,2,51,42,55,0.271,-0.105,-0.194,0.148,-27.196,S2012,Amendment Rejected,,,
114,Senate,391,2016-04-19,2,52,50,47,0.183,-0.061,0.268,0.641,-11.061,S2012,Amendment Rejected,,,
114,Senate,392,2016-04-19,2,53,33,64,0.398,-0.061,-0.214,-0.067,-31.948,S2012,Motion Rejected,,,
114,Senate,393,2016-04-20,2,54,85,12,0.624,-0.083,0.336,0.232,-18.668,S2012,Bill Passed,,,
114,Senate,394,2016-04-20,2,55,70,26,0.477,-0.019,0.255,0.211,-29.567,HR2028,Amendment Agreed to,,,
114,Senate,395,2016-04-20,2,56,25,71,0.488,-0.011,-0.214,-0.171,-32.661,HR2028,Amendment Rejected,,,
114,Senate,396,2016-04-21,2,57,56,42,-0.034,-0.104,-0.372,-0.624,-4.509,HR2028,Amendment Rejected,,,
114,Senate,397,2016-04-21,2,58,48,49,0.144,-0.109,-0.19,-0.121,-18.606,HR2028,Amendment Rejected,,,
114,Senate,398,2016-04-21,2,59,76,19,0.545,-0.137,0.194,-0.027,-33.164,HR2028,Amendment Agreed to,,,
114,Senate,399,2016-04-25,2,60,55,38,0.338,-0.044,0.309,0.264,-17.311,HR2028,Amendment Agreed to,,,
114,Senate,400,2016-04-26,2,61,54,42,0.271,-0.08,0.155,0.101,-31.175,HR2028,Amendment Agreed to,,,
114,Senate,401,2016-04-26,2,62,73,23,0.49,0.042,0.194,0.201,-33.847,HR2028,Amendment Agreed to,,,
114,Senate,402,2016-04-26,2,63,12,84,0.598,-0.325,-0.195,0.154,-26.064,HR2028,Amendment Rejected,,,
114,Senate,403,2016-04-27,2,64,50,46,0.031,-0.006,-0.136,-0.248,-27.825,HR2028,Cloture Motion Rejected,,,
114,Senate,404,2016-04-28,2,65,52,43,0.0,-0.004,-0.145,-0.267,-24.962,HR2028,Cloture Motion Rejected,,,
114,Senate,405,2016-05-09,2,66,50,42,0.0,-0.011,-0.168,-0.485,-19.475,HR2028,Cloture Motion Rejected,,,
114,Senate,406,2016-05-11,2,67,57,42,-0.048,-0.048,-0.174,-0.325,-20.327,HR2028,Cloture Motion Rejected,,,
114,Senate,407,2016-05-11,2,68,97,2,0.0,0.0,0.0,0.0,0.0,HR2028,Cloture Motion Agreed to,,,
114,Senate,408,2016-05-11,2,69,39,60,-0.141,-0.101,0.381,0.061,-9.774,HR2028,Amendment Rejected,,,
114,Senate,409,2016-05-11,2,70,51,48,0.109,-0.125,-0.194,-0.284,-17.549,HR2028,Amendment Rejected,,,
114,Senate,410,2016-05-12,2,71,90,8,0.682,-0.171,0.288,-0.09,-12.721,HR2028,Bill Passed,,,
114,Senate,411,2016-05-16,2,72,53,34,0.283,-0.046,0.22,0.243,-19.278,PN327,Nomination Confirmed,,,
114,Senate,412,2016-05-17,2,73,50,47,0.163,-0.075,0.201,0.263,-16.569,HR2577,Cloture Motion Rejected,,,
114,Senate,413,2016-05-17,2,74,52,45,0.037,-0.084,-0.454,0.172,-0.39,HR2577,Cloture Motion Rejected,,,
114,Senate,414,2016-05-17,2,75,68,29,0.443,-0.059,0.338,0.147,-22.431,HR2577,Cloture Motion Agreed to,,,
114,Senate,415,2016-05-19,2,76,70,28,0.458,-0.049,0.385,0.194,-20.231,HR2577,Motion Agreed to,,,
114,Senate,416,2016-05-19,2,77,68,30,0.437,-0.07,0.358,0.025,-22.008,HR2577,Amendment Agreed to,,,
114,Senate,417,2016-05-19,2,78,88,10,0.648,-0.039,0.326,0.181,-13.931,HR2577,Cloture Motion Agreed to,,,
114,Senate,418,2016-05-19,2,79,84,14,0.77,0.156,0.144,0.066,-37.014,HR2577,Motion Agreed to,,,
114,Senate,419,2016-05-19,2,80,87,9,-0.458,-0.159,-0.319,0.003,-19.077,HR2577,Amendment Agreed to,,,
114,Senate,420,2016-05-19,2,81,60,37,0.38,-0.04,0.343,0.353,-18.564,HR2577,Motion to Table Agreed to,,,
114,Senate,421,2016-05-19,2,82,89,8,0.683,0.027,0.264,0.227,-16.085,HR2577,Bill Passed,,,
114,Senate,422,2016-05-23,2,83,89,0,0.0,0.0,0.0,0.0,0.0,S2613,Bill Passed,,,
114,Senate,423,2016-05-24,2,84,56,41,-0.067,-0.116,-0.379,-0.251,-6.311,HJRES88,Joint Resolution Passed,,,
114,Senate,424,2016-05-24,2,85,57,40,0.141,0.155,0.011,0.272,-60.957,SJRES28,Motion to Proceed Agreed to,,,
114,Senate,425,2016-05-25,2,86,55,43,0.127,0.091,-0.0,0.274,-62.672193,SJRES28,Joint Resolution Passed,,,
114,Senate,426,2016-05-25,2,87,98,0,0.0,0.0,0.0,0.0,0.0,S2943,Cloture on the Motion to Proceed Agreed to,,,
114,Senate,427,2016-05-26,2,88,67,29,0.449,-0.044,0.201,0.137,-32.65,PN771,Nomination Confirmed,,,
114,Senate,428,2016-06-06,2,89,91,0,0.0,0.0,0.0,0.0,0.0,S2943,Amendment Agreed to,,,
114,Senate,429,2016-06-07,2,90,66,32,0.423,-0.095,0.323,-0.08,-23.934,S2943,Amendment Agreed to,,,
114,Senate,430,2016-06-07,2,91,70,28,0.511,-0.297,0.114,-0.08,-45.657,S2943,Amendment Agreed to,,,
114,Senate,431,2016-06-08,2,92,93,2,0.0,0.0,0.0,0.0,0.0,HR2577,Cloture Motion Agreed to,,,
114,Senate,432,2016-06-08,2,93,46,49,0.142,-0.09,0.193,0.111,-16.615,HR2577,Motion Rejected,,,
114,Senate,433,2016-06-08,2,94,56,38,-0.105,-0.127,-0.437,-0.234,-4.306,HR2577,Motion Rejected,,,
114,Senate,434,2016-06-09,2,95,43,55,0.025,-0.089,0.208,0.248,-14.823,S2943,Cloture Motion Rejected,,,
114,Senate,435,2016-06-09,2,96,56,42,-0.022,-0.151,-0.07,-0.333,-49.037,S2943,Cloture Motion Rejected,,,
114,Senate,436,2016-06-10,2,97,68,23,-0.257,-0.263,-0.129,-0.429,-28.134,S2943,Cloture Motion Agreed to,,,
114,Senate,437,2016-06-14,2,98,85,13,0.082,0.997,-0.014,0.288,-34.924,S2943,Bill Passed,,,
114,Senate,438,2016-06-14,2,99,94,3,0.467,-0.884,0.11,-0.603,-14.457,HR2578,Cloture on the Motion to Proceed Agreed to,,,
114,Senate,439,2016-06-16,2,100,95,1,0.0,0.0,0.0,0.0,0.0,S524,Cloture Motion Agreed to,,,
114,Senate,440,2016-06-16,2,101,66,29,0.418,0.109,0.245,0.497,-26.577,S524,Motion Agreed to,,,
114,Senate,441,2016-06-16,2,102,70,24,0.478,0.085,0.203,0.27,-30.989,S524,Motion Agreed to,,,
114,Senate,442,2016-06-20,2,103,53,47,0.086,-0.084,-0.224,-0.245,-11.162,HR2578,Cloture Motion Rejected,,,
114,Senate,443,2016-06-20,2,104,44,56,0.0,-0.093,0.297,0.545,-7.832,HR2578,Cloture Motion Rejected,,,
114,Senate,444,2016-06-20,2,105,53,47,0.043,0.007,-0.258,-0.635,-9.444,HR2578,Cloture Motion Rejected,,,
114,Senate,445,2016-06-20,2,106,47,53,0.084,-0.097,0.281,0.495,-8.0,HR2578,Cloture Motion Rejected,,,
114,Senate,446,2016-06-20,2,107,56,42,-0.072,-0.119,-0.403,-0.271,-5.25,HR2578,Motion to Table Agreed to,,,
114,Senate,447,2016-06-22,2,108,58,38,-0.075,-0.156,-0.096,-0.468,-38.189,HR2578,Cloture Motion Rejected,,,
114,Senate,448,2016-06-23,2,109,46,52,0.203,0.01,-0.221,-0.561,-18.13,HR2578,Motion to Table Failed,,,
114,Senate,449,2016-06-23,2,110,67,31,0.392,-0.509,0.1,-0.074,-51.45,HR2578,Motion to Table Agreed to,,,
114,Senate,450,2016-06-27,2,111,90,0,0.0,0.0,0.0,0.0,0.0,PN576,Nomination Confirmed,,,
114,Senate,451,2016-06-28,2,112,52,48,0.081,-0.095,-0.175,-0.017,-18.717,HR2577,Cloture Motion Rejected,,,
114,Senate,452,2016-06-29,2,113,68,32,0.14,-0.481,0.012,-0.215,-63.667,S2328,Cloture Motion Agreed to,,,
114,Senate,453,2016-06-29,2,114,44,54,-0.046,0.017,0.156,0.235,-21.523,S2328,Motion to Table Failed,,,
114,Senate,454,2016-06-29,2,115,85,13,-0.432,-0.349,-0.191,-0.377,-21.905,S2328,Motion Agreed to,,,
114,Senate,455,2016-06-29,2,116,68,30,0.142,-0.752,0.013,-0.195,-58.66,S2328,Motion Agreed to,,,
114,Senate,456,2016-06-29,2,117,68,29,-0.261,-0.218,-0.136,-0.239,-33.207,S764,Motion Agreed to,,,
114,Senate,457,2016-07-06,2,118,92,5,0.533,0.509,0.217,0.716,-12.289,PN575,Nomination Confirmed,,,
114,Senate,458,2016-07-06,2,119,53,44,0.02,-0.082,-0.331,-0.549,-5.289,S3100,Cloture on the Motion to Proceed Rejected,,,
114,Senate,459,2016-07-06,2,120,55,42,-0.062,-0.117,-0.448,-0.4,-2.702,S2193,Cloture on the Motion to Proceed Rejected,,,
114,Senate,460,2016-07-06,2,121,65,32,-0.203,-0.227,-0.109,-0.329,-37.965,S764,Cloture Motion Agreed to,,,
114,Senate,461,2016-07-07,2,122,31,62,-0.224,-0.194,0.129,0.232,-34.297,S764,Motion to Table Failed,,,
114,Senate,462,2016-07-07,2,123,63,30,-0.146,-0.29,-0.071,-0.444,-42.115,S764,Motion Agreed to,,,
114,Senate,463,2016-07-07,2,124,50,44,0.033,-0.075,-0.222,-0.162,-9.611,HR5293,Cloture on the Motion to Proceed Rejected,,,
114,Senate,464,2016-07-12,2,125,84,3,0.822,-0.143,0.429,0.116,-10.695,S2012,Cloture Motion Agreed to,,,
114,Senate,465,2016-07-13,2,126,90,2,0.0,0.0,0.0,0.0,0.0,S524,Cloture Motion Agreed to,,,
114,Senate,466,2016-07-13,2,127,89,4,0.405,0.885,0.072,0.513,-17.465,HR636,Motion Agreed to,,,
114,Senate,467,2016-07-13,2,128,74,18,0.528,-0.378,0.175,-0.116,-30.838,PN1180,Nomination Confirmed,,,
114,Senate,468,2016-07-13,2,129,92,2,0.0,0.0,0.0,0.0,0.0,S524,Conference Report Agreed to,,,
114,Senate,469,2016-07-14,2,130,90,7,-0.534,0.365,-0.194,0.216,-17.492,S2943,Cloture Motion Agreed to,,,
114,Senate,470,2016-07-14,2,131,84,12,0.606,0.092,0.236,0.404,-23.652,S2943,Motion Agreed to,,,
114,Senate,471,2016-07-14,2,132,85,12,-0.354,-0.576,-0.13,-0.456,-23.455,S2943,Motion Agreed to,,,
114,Senate,472,2016-07-14,2,133,55,42,-0.055,-0.107,-0.449,-0.236,-2.716,HR5293,Cloture on the Motion to Proceed Rejected,,,
114,Senate,473,2016-07-14,2,134,52,44,0.043,-0.107,-0.22,0.142,-10.294,HR2577,Cloture Motion Rejected,,,
114,Senate,474,2016-09-06,2,135,52,46,0.053,-0.101,-0.184,-0.009,-15.441,HR2577,Cloture Motion Rejected,,,
114,Senate,475,2016-09-06,2,136,55,43,-0.055,-0.112,-0.451,-0.238,-2.702,HR5293,Cloture on the Motion to Proceed Rejected,,,
114,Senate,476,2016-09-08,2,137,92,0,0.0,0.0,0.0,0.0,0.0,PN1500,Nomination Confirmed,,,
114,Senate,477,2016-09-12,2,138,90,1,0.0,0.0,0.0,0.0,0.0,S2848,Cloture Motion Agreed to,,,
114,Senate,478,2016-09-14,2,139,85,12,0.669,-0.12,0.194,-0.035,-27.937,S2848,Motion Agreed to,,,
114,Senate,479,2016-09-14,2,140,94,3,0.868,-0.252,0.464,-0.179,-3.62,S2848,Cloture Motion Agreed to,,,
114,Senate,480,2016-09-15,2,141,95,3,0.868,-0.25,0.464,-0.177,-3.62,S2848,Bill Passed,,,
114,Senate,481,2016-09-15,2,142,93,0,0.0,0.0,0.0,0.0,0.0,PN1375,Nomination Confirmed,,,
114,Senate,482,2016-09-19,2,143,89,0,0.0,0.0,0.0,0.0,0.0,HR5985,Bill Passed,,,
114,Senate,483,2016-09-20,2,144,89,7,0.694,-0.233,0.323,-0.136,-11.993,HR5325,Cloture on the Motion to Proceed Agreed to,,,
114,Senate,484,2016-09-21,2,145,71,27,-0.301,-0.343,-0.12,-0.211,-37.908,SJRES39,Motion to Table Agreed to,,,
114,Senate,485,2016-09-27,2,146,45,55,0.095,0.141,-0.091,-0.304,-44.418,HR5325,Cloture Motion Rejected,,,
114,Senate,486,2016-09-27,2,147,40,59,0.264,-0.073,-0.106,-0.122,-43.962,HR5325,Cloture Motion Rejected,,,
114,Senate,487,2016-09-28,2,148,97,1,0.0,0.0,0.0,0.0,0.0,S2040,Veto Overridden,,,
114,Senate,488,2016-09-28,2,149,77,21,0.293,-0.785,0.037,-0.282,-45.645,HR5325,Cloture Motion Agreed to,,,
114,Senate,489,2016-09-28,2,150,77,21,0.293,-0.785,0.037,-0.282,-45.645,HR5325,Cloture Motion Agreed to,,,
114,Senate,490,2016-09-28,2,151,72,26,0.211,-0.691,0.022,-0.271,-51.597,HR5325,Bill Passed,,,
114,Senate,491,2016-11-15,2,152,97,0,0.0,0.0,0.0,0.0,0.0,HR4511,Bill Passed,,,
114,Senate,492,2016-11-17,2,153,51,47,0.068,0.014,-0.211,-0.509,-14.919,S3110,Cloture on the Motion to Proceed Rejected,,,
114,Senate,493,2016-11-29,2,154,97,0,0.0,0.0,0.0,0.0,0.0,S2873,Bill Passed,,,
114,Senate,494,2016-12-01,2,155,99,0,0.0,0.0,0.0,0.0,0.0,HR6297,Bill Passed,,,
114,Senate,495,2016-12-05,2,156,85,13,-0.536,-0.716,-0.108,-0.256,-35.38,HR34,Cloture Motion Agreed to,,,
114,Senate,496,2016-12-07,2,157,94,5,-0.286,-0.81,-0.132,-0.762,-9.992,HR34,Motion Agreed to,,,
114,Senate,497,2016-12-07,2,158,92,7,-0.041,-0.854,-0.042,-0.662,-16.885,S2943,Cloture Motion Agreed to,,,
114,Senate,498,2016-12-08,2,159,92,7,-0.041,-0.854,-0.042,-0.662,-16.885,S2943,Conference Report Agreed to,,,
114,Senate,499,2016-12-09,2,160,61,38,-0.104,-0.369,-0.057,-0.2,-54.302,HR2028,Cloture Motion Agreed to,,,
114,Senate,500,2016-12-09,2,161,63,36,-0.121,-0.245,-0.036,-0.161,-60.657,HR2028,Motion Agreed to,,,
114,Senate,501,2016-12-10,2,162,69,30,-0.168,-0.392,-0.064,-0.332,-46.462,S612,Cloture Motion Agreed to,,,
114,Senate,502,2016-12-10,2,163,78,21,-0.126,-0.671,-0.043,-0.351,-41.033,S612,Motion Agreed to,,,
